1,img/familyguy/train/aligned/girlguest/girlguest-110.png
1,img/familyguy/train/aligned/girlguest/girlguest-54.png
1,img/familyguy/train/aligned/girlguest/girlguest-303.png
1,img/familyguy/train/aligned/girlguest/girlguest-19.png
1,img/familyguy/train/aligned/girlguest/girlguest-206.png
1,img/familyguy/train/aligned/girlguest/girlguest-163.png
1,img/familyguy/train/aligned/girlguest/girlguest-320.png
1,img/familyguy/train/aligned/girlguest/girlguest-152.png
1,img/familyguy/train/aligned/girlguest/girlguest-346.png
1,img/familyguy/train/aligned/girlguest/girlguest-287.png
1,img/familyguy/train/aligned/girlguest/girlguest-33.png
1,img/familyguy/train/aligned/girlguest/girlguest-223.png
1,img/familyguy/train/aligned/girlguest/girlguest-2.png
1,img/familyguy/train/aligned/girlguest/girlguest-161.png
1,img/familyguy/train/aligned/girlguest/girlguest-193.png
1,img/familyguy/train/aligned/girlguest/girlguest-112.png
1,img/familyguy/train/aligned/girlguest/girlguest-322.png
1,img/familyguy/train/aligned/girlguest/girlguest-345.png
1,img/familyguy/train/aligned/girlguest/girlguest-129.png
1,img/familyguy/train/aligned/girlguest/girlguest-284.png
1,img/familyguy/train/aligned/girlguest/girlguest-41.png
1,img/familyguy/train/aligned/girlguest/girlguest-102.png
1,img/familyguy/train/aligned/girlguest/girlguest-308.png
1,img/familyguy/train/aligned/girlguest/girlguest-347.png
1,img/familyguy/train/aligned/girlguest/girlguest-228.png
1,img/familyguy/train/aligned/girlguest/girlguest-171.png
1,img/familyguy/train/aligned/girlguest/girlguest-105.png
1,img/familyguy/train/aligned/girlguest/girlguest-184.png
1,img/familyguy/train/aligned/girlguest/girlguest-281.png
1,img/familyguy/train/aligned/girlguest/girlguest-232.png
1,img/familyguy/train/aligned/girlguest/girlguest-58.png
1,img/familyguy/train/aligned/girlguest/girlguest-264.png
1,img/familyguy/train/aligned/girlguest/girlguest-181.png
1,img/familyguy/train/aligned/girlguest/girlguest-302.png
1,img/familyguy/train/aligned/girlguest/girlguest-263.png
1,img/familyguy/train/aligned/girlguest/girlguest-351.png
1,img/familyguy/train/aligned/girlguest/girlguest-159.png
1,img/familyguy/train/aligned/girlguest/girlguest-43.png
1,img/familyguy/train/aligned/girlguest/girlguest-231.png
1,img/familyguy/train/aligned/girlguest/girlguest-186.png
1,img/familyguy/train/aligned/girlguest/girlguest-282.png
1,img/familyguy/train/aligned/girlguest/girlguest-5.png
1,img/familyguy/train/aligned/girlguest/girlguest-225.png
1,img/familyguy/train/aligned/girlguest/girlguest-343.png
1,img/familyguy/train/aligned/girlguest/girlguest-243.png
1,img/familyguy/train/aligned/girlguest/girlguest-196.png
1,img/familyguy/train/aligned/girlguest/girlguest-179.png
1,img/familyguy/train/aligned/girlguest/girlguest-100.png
1,img/familyguy/train/aligned/girlguest/girlguest-234.png
1,img/familyguy/train/aligned/girlguest/girlguest-277.png
1,img/familyguy/train/aligned/girlguest/girlguest-246.png
1,img/familyguy/train/aligned/girlguest/girlguest-328.png
1,img/familyguy/train/aligned/girlguest/girlguest-108.png
1,img/familyguy/train/aligned/girlguest/girlguest-155.png
1,img/familyguy/train/aligned/girlguest/girlguest-338.png
1,img/familyguy/train/aligned/girlguest/girlguest-170.png
1,img/familyguy/train/aligned/girlguest/girlguest-291.png
1,img/familyguy/train/aligned/girlguest/girlguest-4.png
1,img/familyguy/train/aligned/girlguest/girlguest-297.png
1,img/familyguy/train/aligned/girlguest/girlguest-203.png
1,img/familyguy/train/aligned/girlguest/girlguest-273.png
1,img/familyguy/train/aligned/girlguest/girlguest-92.png
1,img/familyguy/train/aligned/girlguest/girlguest-314.png
1,img/familyguy/train/aligned/girlguest/girlguest-324.png
1,img/familyguy/train/aligned/girlguest/girlguest-318.png
1,img/familyguy/train/aligned/girlguest/girlguest-69.png
1,img/familyguy/train/aligned/girlguest/girlguest-118.png
1,img/familyguy/train/aligned/girlguest/girlguest-136.png
1,img/familyguy/train/aligned/girlguest/girlguest-150.png
1,img/familyguy/train/aligned/girlguest/girlguest-258.png
1,img/familyguy/train/aligned/girlguest/girlguest-64.png
1,img/familyguy/train/aligned/girlguest/girlguest-44.png
1,img/familyguy/train/aligned/girlguest/girlguest-256.png
1,img/familyguy/train/aligned/girlguest/girlguest-244.png
1,img/familyguy/train/aligned/girlguest/girlguest-85.png
1,img/familyguy/train/aligned/girlguest/girlguest-36.png
1,img/familyguy/train/aligned/girlguest/girlguest-149.png
1,img/familyguy/train/aligned/girlguest/girlguest-317.png
1,img/familyguy/train/aligned/girlguest/girlguest-172.png
1,img/familyguy/train/aligned/girlguest/girlguest-57.png
1,img/familyguy/train/aligned/girlguest/girlguest-97.png
1,img/familyguy/train/aligned/girlguest/girlguest-46.png
1,img/familyguy/train/aligned/girlguest/girlguest-80.png
1,img/familyguy/train/aligned/girlguest/girlguest-200.png
1,img/familyguy/train/aligned/girlguest/girlguest-238.png
1,img/familyguy/train/aligned/girlguest/girlguest-157.png
1,img/familyguy/train/aligned/girlguest/girlguest-233.png
1,img/familyguy/train/aligned/girlguest/girlguest-98.png
1,img/familyguy/train/aligned/girlguest/girlguest-315.png
1,img/familyguy/train/aligned/girlguest/girlguest-202.png
1,img/familyguy/train/aligned/girlguest/girlguest-107.png
1,img/familyguy/train/aligned/girlguest/girlguest-327.png
1,img/familyguy/train/aligned/girlguest/girlguest-144.png
1,img/familyguy/train/aligned/girlguest/girlguest-299.png
1,img/familyguy/train/aligned/girlguest/girlguest-125.png
1,img/familyguy/train/aligned/girlguest/girlguest-296.png
1,img/familyguy/train/aligned/girlguest/girlguest-90.png
1,img/familyguy/train/aligned/girlguest/girlguest-241.png
1,img/familyguy/train/aligned/girlguest/girlguest-87.png
1,img/familyguy/train/aligned/girlguest/girlguest-88.png
1,img/familyguy/train/aligned/girlguest/girlguest-329.png
1,img/familyguy/train/aligned/girlguest/girlguest-290.png
1,img/familyguy/train/aligned/girlguest/girlguest-218.png
1,img/familyguy/train/aligned/girlguest/girlguest-166.png
1,img/familyguy/train/aligned/girlguest/girlguest-25.png
1,img/familyguy/train/aligned/girlguest/girlguest-208.png
1,img/familyguy/train/aligned/girlguest/girlguest-123.png
1,img/familyguy/train/aligned/girlguest/girlguest-334.png
1,img/familyguy/train/aligned/girlguest/girlguest-72.png
1,img/familyguy/train/aligned/girlguest/girlguest-15.png
1,img/familyguy/train/aligned/girlguest/girlguest-265.png
1,img/familyguy/train/aligned/girlguest/girlguest-89.png
1,img/familyguy/train/aligned/girlguest/girlguest-188.png
1,img/familyguy/train/aligned/girlguest/girlguest-75.png
1,img/familyguy/train/aligned/girlguest/girlguest-262.png
1,img/familyguy/train/aligned/girlguest/girlguest-251.png
1,img/familyguy/train/aligned/girlguest/girlguest-215.png
1,img/familyguy/train/aligned/girlguest/girlguest-331.png
1,img/familyguy/train/aligned/girlguest/girlguest-211.png
1,img/familyguy/train/aligned/girlguest/girlguest-39.png
1,img/familyguy/train/aligned/girlguest/girlguest-217.png
1,img/familyguy/train/aligned/girlguest/girlguest-221.png
1,img/familyguy/train/aligned/girlguest/girlguest-207.png
1,img/familyguy/train/aligned/girlguest/girlguest-11.png
1,img/familyguy/train/aligned/girlguest/girlguest-113.png
1,img/familyguy/train/aligned/girlguest/girlguest-230.png
1,img/familyguy/train/aligned/girlguest/girlguest-227.png
1,img/familyguy/train/aligned/girlguest/girlguest-23.png
1,img/familyguy/train/aligned/girlguest/girlguest-95.png
1,img/familyguy/train/aligned/girlguest/girlguest-165.png
1,img/familyguy/train/aligned/girlguest/girlguest-222.png
1,img/familyguy/train/aligned/girlguest/girlguest-261.png
1,img/familyguy/train/aligned/girlguest/girlguest-34.png
1,img/familyguy/train/aligned/girlguest/girlguest-143.png
1,img/familyguy/train/aligned/girlguest/girlguest-55.png
1,img/familyguy/train/aligned/girlguest/girlguest-332.png
1,img/familyguy/train/aligned/girlguest/girlguest-259.png
1,img/familyguy/train/aligned/girlguest/girlguest-162.png
1,img/familyguy/train/aligned/girlguest/girlguest-142.png
1,img/familyguy/train/aligned/girlguest/girlguest-56.png
1,img/familyguy/train/aligned/girlguest/girlguest-42.png
1,img/familyguy/train/aligned/girlguest/girlguest-28.png
1,img/familyguy/train/aligned/girlguest/girlguest-17.png
1,img/familyguy/train/aligned/girlguest/girlguest-111.png
1,img/familyguy/train/aligned/girlguest/girlguest-173.png
1,img/familyguy/train/aligned/girlguest/girlguest-117.png
1,img/familyguy/train/aligned/girlguest/girlguest-249.png
1,img/familyguy/train/aligned/girlguest/girlguest-101.png
1,img/familyguy/train/aligned/girlguest/girlguest-78.png
1,img/familyguy/train/aligned/girlguest/girlguest-12.png
1,img/familyguy/train/aligned/girlguest/girlguest-130.png
1,img/familyguy/train/aligned/girlguest/girlguest-116.png
1,img/familyguy/train/aligned/girlguest/girlguest-190.png
1,img/familyguy/train/aligned/girlguest/girlguest-316.png
1,img/familyguy/train/aligned/girlguest/girlguest-268.png
1,img/familyguy/train/aligned/girlguest/girlguest-209.png
1,img/familyguy/train/aligned/girlguest/girlguest-280.png
1,img/familyguy/train/aligned/girlguest/girlguest-81.png
1,img/familyguy/train/aligned/girlguest/girlguest-52.png
1,img/familyguy/train/aligned/girlguest/girlguest-337.png
1,img/familyguy/train/aligned/girlguest/girlguest-205.png
1,img/familyguy/train/aligned/girlguest/girlguest-197.png
1,img/familyguy/train/aligned/girlguest/girlguest-31.png
1,img/familyguy/train/aligned/girlguest/girlguest-292.png
1,img/familyguy/train/aligned/girlguest/girlguest-128.png
1,img/familyguy/train/aligned/girlguest/girlguest-140.png
1,img/familyguy/train/aligned/girlguest/girlguest-74.png
1,img/familyguy/train/aligned/girlguest/girlguest-174.png
1,img/familyguy/train/aligned/girlguest/girlguest-325.png
1,img/familyguy/train/aligned/girlguest/girlguest-20.png
1,img/familyguy/train/aligned/girlguest/girlguest-8.png
1,img/familyguy/train/aligned/girlguest/girlguest-145.png
1,img/familyguy/train/aligned/girlguest/girlguest-300.png
1,img/familyguy/train/aligned/girlguest/girlguest-204.png
1,img/familyguy/train/aligned/girlguest/girlguest-309.png
1,img/familyguy/train/aligned/girlguest/girlguest-274.png
1,img/familyguy/train/aligned/girlguest/girlguest-29.png
1,img/familyguy/train/aligned/girlguest/girlguest-10.png
1,img/familyguy/train/aligned/girlguest/girlguest-122.png
1,img/familyguy/train/aligned/girlguest/girlguest-306.png
1,img/familyguy/train/aligned/girlguest/girlguest-305.png
1,img/familyguy/train/aligned/girlguest/girlguest-192.png
1,img/familyguy/train/aligned/girlguest/girlguest-288.png
1,img/familyguy/train/aligned/girlguest/girlguest-175.png
1,img/familyguy/train/aligned/girlguest/girlguest-76.png
1,img/familyguy/train/aligned/girlguest/girlguest-127.png
1,img/familyguy/train/aligned/girlguest/girlguest-295.png
1,img/familyguy/train/aligned/girlguest/girlguest-283.png
1,img/familyguy/train/aligned/girlguest/girlguest-319.png
1,img/familyguy/train/aligned/girlguest/girlguest-151.png
1,img/familyguy/train/aligned/girlguest/girlguest-134.png
1,img/familyguy/train/aligned/girlguest/girlguest-340.png
1,img/familyguy/train/aligned/girlguest/girlguest-219.png
1,img/familyguy/train/aligned/girlguest/girlguest-307.png
1,img/familyguy/train/aligned/girlguest/girlguest-109.png
1,img/familyguy/train/aligned/girlguest/girlguest-169.png
1,img/familyguy/train/aligned/girlguest/girlguest-24.png
1,img/familyguy/train/aligned/girlguest/girlguest-239.png
1,img/familyguy/train/aligned/girlguest/girlguest-94.png
1,img/familyguy/train/aligned/girlguest/girlguest-154.png
1,img/familyguy/train/aligned/girlguest/girlguest-178.png
1,img/familyguy/train/aligned/girlguest/girlguest-35.png
1,img/familyguy/train/aligned/girlguest/girlguest-293.png
1,img/familyguy/train/aligned/girlguest/girlguest-66.png
1,img/familyguy/train/aligned/girlguest/girlguest-9.png
1,img/familyguy/train/aligned/girlguest/girlguest-120.png
1,img/familyguy/train/aligned/girlguest/girlguest-104.png
1,img/familyguy/train/aligned/girlguest/girlguest-96.png
1,img/familyguy/train/aligned/girlguest/girlguest-148.png
1,img/familyguy/train/aligned/girlguest/girlguest-344.png
1,img/familyguy/train/aligned/girlguest/girlguest-106.png
1,img/familyguy/train/aligned/girlguest/girlguest-160.png
1,img/familyguy/train/aligned/girlguest/girlguest-79.png
1,img/familyguy/train/aligned/girlguest/girlguest-224.png
1,img/familyguy/train/aligned/girlguest/girlguest-119.png
1,img/familyguy/train/aligned/girlguest/girlguest-49.png
1,img/familyguy/train/aligned/girlguest/girlguest-201.png
1,img/familyguy/train/aligned/girlguest/girlguest-60.png
1,img/familyguy/train/aligned/girlguest/girlguest-137.png
1,img/familyguy/train/aligned/girlguest/girlguest-237.png
1,img/familyguy/train/aligned/girlguest/girlguest-126.png
1,img/familyguy/train/aligned/girlguest/girlguest-185.png
1,img/familyguy/train/aligned/girlguest/girlguest-67.png
1,img/familyguy/train/aligned/girlguest/girlguest-156.png
1,img/familyguy/train/aligned/girlguest/girlguest-14.png
1,img/familyguy/train/aligned/girlguest/girlguest-141.png
1,img/familyguy/train/aligned/girlguest/girlguest-195.png
1,img/familyguy/train/aligned/girlguest/girlguest-103.png
1,img/familyguy/train/aligned/girlguest/girlguest-311.png
1,img/familyguy/train/aligned/girlguest/girlguest-40.png
1,img/familyguy/train/aligned/girlguest/girlguest-271.png
1,img/familyguy/train/aligned/girlguest/girlguest-349.png
1,img/familyguy/train/aligned/girlguest/girlguest-210.png
1,img/familyguy/train/aligned/girlguest/girlguest-135.png
1,img/familyguy/train/aligned/girlguest/girlguest-6.png
1,img/familyguy/train/aligned/girlguest/girlguest-229.png
1,img/familyguy/train/aligned/girlguest/girlguest-278.png
1,img/familyguy/train/aligned/girlguest/girlguest-240.png
1,img/familyguy/train/aligned/girlguest/girlguest-339.png
1,img/familyguy/train/aligned/girlguest/girlguest-276.png
1,img/familyguy/train/aligned/girlguest/girlguest-131.png
1,img/familyguy/train/aligned/girlguest/girlguest-16.png
1,img/familyguy/train/aligned/girlguest/girlguest-226.png
1,img/familyguy/train/aligned/girlguest/girlguest-51.png
1,img/familyguy/train/aligned/girlguest/girlguest-183.png
1,img/familyguy/train/aligned/girlguest/girlguest-342.png
1,img/familyguy/train/aligned/girlguest/girlguest-267.png
1,img/familyguy/train/aligned/girlguest/girlguest-304.png
1,img/familyguy/train/aligned/girlguest/girlguest-216.png
1,img/familyguy/train/aligned/girlguest/girlguest-236.png
1,img/familyguy/train/aligned/girlguest/girlguest-139.png
1,img/familyguy/train/aligned/girlguest/girlguest-86.png
1,img/familyguy/train/aligned/girlguest/girlguest-59.png
1,img/familyguy/train/aligned/girlguest/girlguest-336.png
1,img/familyguy/train/aligned/girlguest/girlguest-146.png
1,img/familyguy/train/aligned/girlguest/girlguest-164.png
1,img/familyguy/train/aligned/girlguest/girlguest-312.png
1,img/familyguy/train/aligned/girlguest/girlguest-3.png
1,img/familyguy/train/aligned/girlguest/girlguest-30.png
1,img/familyguy/train/aligned/girlguest/girlguest-289.png
1,img/familyguy/train/aligned/girlguest/girlguest-235.png
1,img/familyguy/train/aligned/girlguest/girlguest-275.png
1,img/familyguy/train/aligned/girlguest/girlguest-68.png
1,img/familyguy/train/aligned/girlguest/girlguest-70.png
1,img/familyguy/train/aligned/girlguest/girlguest-21.png
1,img/familyguy/train/aligned/girlguest/girlguest-32.png
1,img/familyguy/train/aligned/girlguest/girlguest-77.png
1,img/familyguy/train/aligned/girlguest/girlguest-323.png
1,img/familyguy/train/aligned/girlguest/girlguest-63.png
1,img/familyguy/train/aligned/girlguest/girlguest-22.png
1,img/familyguy/train/aligned/girlguest/girlguest-153.png
1,img/familyguy/train/aligned/girlguest/girlguest-132.png
1,img/familyguy/train/aligned/girlguest/girlguest-321.png
1,img/familyguy/train/aligned/girlguest/girlguest-253.png
1,img/familyguy/train/aligned/girlguest/girlguest-257.png
1,img/familyguy/train/aligned/girlguest/girlguest-62.png
1,img/familyguy/train/aligned/girlguest/girlguest-83.png
1,img/familyguy/train/aligned/girlguest/girlguest-48.png
1,img/familyguy/train/aligned/girlguest/girlguest-82.png
1,img/familyguy/train/aligned/girlguest/girlguest-37.png
1,img/familyguy/train/aligned/girlguest/girlguest-7.png
1,img/familyguy/train/aligned/girlguest/girlguest-84.png
1,img/familyguy/train/aligned/girlguest/girlguest-279.png
1,img/familyguy/train/aligned/girlguest/girlguest-255.png
1,img/familyguy/train/aligned/girlguest/girlguest-242.png
1,img/familyguy/train/aligned/girlguest/girlguest-93.png
1,img/familyguy/train/aligned/girlguest/girlguest-187.png
1,img/familyguy/train/aligned/girlguest/girlguest-176.png
1,img/familyguy/train/aligned/girlguest/girlguest-326.png
1,img/familyguy/train/aligned/girlguest/girlguest-341.png
1,img/familyguy/train/aligned/girlguest/girlguest-272.png
1,img/familyguy/train/aligned/girlguest/girlguest-26.png
1,img/familyguy/train/aligned/girlguest/girlguest-115.png
1,img/familyguy/train/aligned/girlguest/girlguest-335.png
1,img/familyguy/train/aligned/girlguest/girlguest-269.png
1,img/familyguy/train/aligned/girlguest/girlguest-38.png
1,img/familyguy/train/aligned/girlguest/girlguest-138.png
1,img/familyguy/train/aligned/girlguest/girlguest-191.png
1,img/familyguy/train/aligned/girlguest/girlguest-114.png
1,img/familyguy/train/aligned/girlguest/girlguest-350.png
1,img/familyguy/train/aligned/girlguest/girlguest-270.png
1,img/familyguy/train/aligned/girlguest/girlguest-220.png
1,img/familyguy/train/aligned/girlguest/girlguest-199.png
1,img/familyguy/train/aligned/girlguest/girlguest-248.png
1,img/familyguy/train/aligned/girlguest/girlguest-286.png
1,img/familyguy/train/aligned/girlguest/girlguest-177.png
1,img/familyguy/train/aligned/girlguest/girlguest-213.png
1,img/familyguy/train/aligned/girlguest/girlguest-158.png
1,img/familyguy/train/aligned/girlguest/girlguest-212.png
1,img/familyguy/train/aligned/girlguest/girlguest-260.png
1,img/familyguy/train/aligned/girlguest/girlguest-180.png
1,img/familyguy/train/aligned/girlguest/girlguest-13.png
1,img/familyguy/train/aligned/girlguest/girlguest-313.png
1,img/familyguy/train/aligned/girlguest/girlguest-27.png
1,img/familyguy/train/aligned/girlguest/girlguest-1.png
1,img/familyguy/train/aligned/girlguest/girlguest-168.png
1,img/familyguy/train/aligned/girlguest/girlguest-18.png
1,img/familyguy/train/aligned/girlguest/girlguest-214.png
1,img/familyguy/train/aligned/girlguest/girlguest-71.png
1,img/familyguy/train/aligned/girlguest/girlguest-194.png
1,img/familyguy/train/aligned/girlguest/girlguest-245.png
1,img/familyguy/train/aligned/girlguest/girlguest-198.png
1,img/familyguy/train/aligned/girlguest/girlguest-294.png
1,img/familyguy/train/aligned/girlguest/girlguest-45.png
1,img/familyguy/train/aligned/girlguest/girlguest-298.png
1,img/familyguy/train/aligned/girlguest/girlguest-285.png
1,img/familyguy/train/aligned/girlguest/girlguest-310.png
1,img/familyguy/train/aligned/girlguest/girlguest-53.png
1,img/familyguy/train/aligned/girlguest/girlguest-61.png
1,img/familyguy/train/aligned/girlguest/girlguest-250.png
1,img/familyguy/train/aligned/girlguest/girlguest-121.png
1,img/familyguy/train/aligned/girlguest/girlguest-91.png
1,img/familyguy/train/aligned/girlguest/girlguest-254.png
1,img/familyguy/train/aligned/girlguest/girlguest-133.png
1,img/familyguy/train/aligned/girlguest/girlguest-167.png
1,img/familyguy/train/aligned/girlguest/girlguest-333.png
1,img/familyguy/train/aligned/girlguest/girlguest-182.png
1,img/familyguy/train/aligned/girlguest/girlguest-189.png
1,img/familyguy/train/aligned/girlguest/girlguest-124.png
1,img/familyguy/train/aligned/girlguest/girlguest-147.png
1,img/familyguy/train/aligned/girlguest/girlguest-252.png
1,img/familyguy/train/aligned/girlguest/girlguest-50.png
1,img/familyguy/train/aligned/girlguest/girlguest-348.png
1,img/familyguy/train/aligned/girlguest/girlguest-330.png
1,img/familyguy/train/aligned/girlguest/girlguest-99.png
1,img/familyguy/train/aligned/girlguest/girlguest-73.png
1,img/familyguy/train/aligned/girlguest/girlguest-47.png
1,img/familyguy/train/aligned/girlguest/girlguest-301.png
1,img/familyguy/train/aligned/girlguest/girlguest-266.png
1,img/familyguy/train/aligned/girlguest/girlguest-65.png
1,img/familyguy/train/aligned/girlguest/girlguest-247.png
2,img/familyguy/train/aligned/guyguest/guyguest-527.png
2,img/familyguy/train/aligned/guyguest/guyguest-159.png
2,img/familyguy/train/aligned/guyguest/guyguest-526.png
2,img/familyguy/train/aligned/guyguest/guyguest-132.png
2,img/familyguy/train/aligned/guyguest/guyguest-93.png
2,img/familyguy/train/aligned/guyguest/guyguest-522.png
2,img/familyguy/train/aligned/guyguest/guyguest-265.png
2,img/familyguy/train/aligned/guyguest/guyguest-578.png
2,img/familyguy/train/aligned/guyguest/guyguest-5.png
2,img/familyguy/train/aligned/guyguest/guyguest-378.png
2,img/familyguy/train/aligned/guyguest/guyguest-264.png
2,img/familyguy/train/aligned/guyguest/guyguest-481.png
2,img/familyguy/train/aligned/guyguest/guyguest-139.png
2,img/familyguy/train/aligned/guyguest/guyguest-444.png
2,img/familyguy/train/aligned/guyguest/guyguest-329.png
2,img/familyguy/train/aligned/guyguest/guyguest-530.png
2,img/familyguy/train/aligned/guyguest/guyguest-418.png
2,img/familyguy/train/aligned/guyguest/guyguest-41.png
2,img/familyguy/train/aligned/guyguest/guyguest-534.png
2,img/familyguy/train/aligned/guyguest/guyguest-441.png
2,img/familyguy/train/aligned/guyguest/guyguest-281.png
2,img/familyguy/train/aligned/guyguest/guyguest-275.png
2,img/familyguy/train/aligned/guyguest/guyguest-14.png
2,img/familyguy/train/aligned/guyguest/guyguest-494.png
2,img/familyguy/train/aligned/guyguest/guyguest-364.png
2,img/familyguy/train/aligned/guyguest/guyguest-627.png
2,img/familyguy/train/aligned/guyguest/guyguest-174.png
2,img/familyguy/train/aligned/guyguest/guyguest-311.png
2,img/familyguy/train/aligned/guyguest/guyguest-326.png
2,img/familyguy/train/aligned/guyguest/guyguest-225.png
2,img/familyguy/train/aligned/guyguest/guyguest-259.png
2,img/familyguy/train/aligned/guyguest/guyguest-593.png
2,img/familyguy/train/aligned/guyguest/guyguest-556.png
2,img/familyguy/train/aligned/guyguest/guyguest-191.png
2,img/familyguy/train/aligned/guyguest/guyguest-216.png
2,img/familyguy/train/aligned/guyguest/guyguest-551.png
2,img/familyguy/train/aligned/guyguest/guyguest-486.png
2,img/familyguy/train/aligned/guyguest/guyguest-404.png
2,img/familyguy/train/aligned/guyguest/guyguest-506.png
2,img/familyguy/train/aligned/guyguest/guyguest-310.png
2,img/familyguy/train/aligned/guyguest/guyguest-528.png
2,img/familyguy/train/aligned/guyguest/guyguest-431.png
2,img/familyguy/train/aligned/guyguest/guyguest-295.png
2,img/familyguy/train/aligned/guyguest/guyguest-339.png
2,img/familyguy/train/aligned/guyguest/guyguest-38.png
2,img/familyguy/train/aligned/guyguest/guyguest-407.png
2,img/familyguy/train/aligned/guyguest/guyguest-273.png
2,img/familyguy/train/aligned/guyguest/guyguest-185.png
2,img/familyguy/train/aligned/guyguest/guyguest-512.png
2,img/familyguy/train/aligned/guyguest/guyguest-358.png
2,img/familyguy/train/aligned/guyguest/guyguest-374.png
2,img/familyguy/train/aligned/guyguest/guyguest-160.png
2,img/familyguy/train/aligned/guyguest/guyguest-344.png
2,img/familyguy/train/aligned/guyguest/guyguest-202.png
2,img/familyguy/train/aligned/guyguest/guyguest-553.png
2,img/familyguy/train/aligned/guyguest/guyguest-622.png
2,img/familyguy/train/aligned/guyguest/guyguest-457.png
2,img/familyguy/train/aligned/guyguest/guyguest-109.png
2,img/familyguy/train/aligned/guyguest/guyguest-415.png
2,img/familyguy/train/aligned/guyguest/guyguest-30.png
2,img/familyguy/train/aligned/guyguest/guyguest-575.png
2,img/familyguy/train/aligned/guyguest/guyguest-228.png
2,img/familyguy/train/aligned/guyguest/guyguest-470.png
2,img/familyguy/train/aligned/guyguest/guyguest-2.png
2,img/familyguy/train/aligned/guyguest/guyguest-436.png
2,img/familyguy/train/aligned/guyguest/guyguest-11.png
2,img/familyguy/train/aligned/guyguest/guyguest-302.png
2,img/familyguy/train/aligned/guyguest/guyguest-117.png
2,img/familyguy/train/aligned/guyguest/guyguest-213.png
2,img/familyguy/train/aligned/guyguest/guyguest-552.png
2,img/familyguy/train/aligned/guyguest/guyguest-105.png
2,img/familyguy/train/aligned/guyguest/guyguest-230.png
2,img/familyguy/train/aligned/guyguest/guyguest-95.png
2,img/familyguy/train/aligned/guyguest/guyguest-615.png
2,img/familyguy/train/aligned/guyguest/guyguest-348.png
2,img/familyguy/train/aligned/guyguest/guyguest-435.png
2,img/familyguy/train/aligned/guyguest/guyguest-589.png
2,img/familyguy/train/aligned/guyguest/guyguest-440.png
2,img/familyguy/train/aligned/guyguest/guyguest-594.png
2,img/familyguy/train/aligned/guyguest/guyguest-386.png
2,img/familyguy/train/aligned/guyguest/guyguest-287.png
2,img/familyguy/train/aligned/guyguest/guyguest-278.png
2,img/familyguy/train/aligned/guyguest/guyguest-363.png
2,img/familyguy/train/aligned/guyguest/guyguest-176.png
2,img/familyguy/train/aligned/guyguest/guyguest-34.png
2,img/familyguy/train/aligned/guyguest/guyguest-454.png
2,img/familyguy/train/aligned/guyguest/guyguest-296.png
2,img/familyguy/train/aligned/guyguest/guyguest-316.png
2,img/familyguy/train/aligned/guyguest/guyguest-133.png
2,img/familyguy/train/aligned/guyguest/guyguest-536.png
2,img/familyguy/train/aligned/guyguest/guyguest-428.png
2,img/familyguy/train/aligned/guyguest/guyguest-252.png
2,img/familyguy/train/aligned/guyguest/guyguest-469.png
2,img/familyguy/train/aligned/guyguest/guyguest-279.png
2,img/familyguy/train/aligned/guyguest/guyguest-59.png
2,img/familyguy/train/aligned/guyguest/guyguest-628.png
2,img/familyguy/train/aligned/guyguest/guyguest-539.png
2,img/familyguy/train/aligned/guyguest/guyguest-563.png
2,img/familyguy/train/aligned/guyguest/guyguest-240.png
2,img/familyguy/train/aligned/guyguest/guyguest-592.png
2,img/familyguy/train/aligned/guyguest/guyguest-346.png
2,img/familyguy/train/aligned/guyguest/guyguest-414.png
2,img/familyguy/train/aligned/guyguest/guyguest-574.png
2,img/familyguy/train/aligned/guyguest/guyguest-633.png
2,img/familyguy/train/aligned/guyguest/guyguest-524.png
2,img/familyguy/train/aligned/guyguest/guyguest-412.png
2,img/familyguy/train/aligned/guyguest/guyguest-33.png
2,img/familyguy/train/aligned/guyguest/guyguest-580.png
2,img/familyguy/train/aligned/guyguest/guyguest-562.png
2,img/familyguy/train/aligned/guyguest/guyguest-597.png
2,img/familyguy/train/aligned/guyguest/guyguest-114.png
2,img/familyguy/train/aligned/guyguest/guyguest-94.png
2,img/familyguy/train/aligned/guyguest/guyguest-127.png
2,img/familyguy/train/aligned/guyguest/guyguest-369.png
2,img/familyguy/train/aligned/guyguest/guyguest-430.png
2,img/familyguy/train/aligned/guyguest/guyguest-4.png
2,img/familyguy/train/aligned/guyguest/guyguest-513.png
2,img/familyguy/train/aligned/guyguest/guyguest-417.png
2,img/familyguy/train/aligned/guyguest/guyguest-121.png
2,img/familyguy/train/aligned/guyguest/guyguest-603.png
2,img/familyguy/train/aligned/guyguest/guyguest-21.png
2,img/familyguy/train/aligned/guyguest/guyguest-424.png
2,img/familyguy/train/aligned/guyguest/guyguest-356.png
2,img/familyguy/train/aligned/guyguest/guyguest-64.png
2,img/familyguy/train/aligned/guyguest/guyguest-350.png
2,img/familyguy/train/aligned/guyguest/guyguest-328.png
2,img/familyguy/train/aligned/guyguest/guyguest-194.png
2,img/familyguy/train/aligned/guyguest/guyguest-67.png
2,img/familyguy/train/aligned/guyguest/guyguest-421.png
2,img/familyguy/train/aligned/guyguest/guyguest-223.png
2,img/familyguy/train/aligned/guyguest/guyguest-261.png
2,img/familyguy/train/aligned/guyguest/guyguest-601.png
2,img/familyguy/train/aligned/guyguest/guyguest-561.png
2,img/familyguy/train/aligned/guyguest/guyguest-182.png
2,img/familyguy/train/aligned/guyguest/guyguest-282.png
2,img/familyguy/train/aligned/guyguest/guyguest-499.png
2,img/familyguy/train/aligned/guyguest/guyguest-90.png
2,img/familyguy/train/aligned/guyguest/guyguest-484.png
2,img/familyguy/train/aligned/guyguest/guyguest-136.png
2,img/familyguy/train/aligned/guyguest/guyguest-541.png
2,img/familyguy/train/aligned/guyguest/guyguest-308.png
2,img/familyguy/train/aligned/guyguest/guyguest-189.png
2,img/familyguy/train/aligned/guyguest/guyguest-262.png
2,img/familyguy/train/aligned/guyguest/guyguest-270.png
2,img/familyguy/train/aligned/guyguest/guyguest-354.png
2,img/familyguy/train/aligned/guyguest/guyguest-156.png
2,img/familyguy/train/aligned/guyguest/guyguest-236.png
2,img/familyguy/train/aligned/guyguest/guyguest-268.png
2,img/familyguy/train/aligned/guyguest/guyguest-485.png
2,img/familyguy/train/aligned/guyguest/guyguest-317.png
2,img/familyguy/train/aligned/guyguest/guyguest-537.png
2,img/familyguy/train/aligned/guyguest/guyguest-564.png
2,img/familyguy/train/aligned/guyguest/guyguest-626.png
2,img/familyguy/train/aligned/guyguest/guyguest-144.png
2,img/familyguy/train/aligned/guyguest/guyguest-425.png
2,img/familyguy/train/aligned/guyguest/guyguest-75.png
2,img/familyguy/train/aligned/guyguest/guyguest-408.png
2,img/familyguy/train/aligned/guyguest/guyguest-629.png
2,img/familyguy/train/aligned/guyguest/guyguest-199.png
2,img/familyguy/train/aligned/guyguest/guyguest-475.png
2,img/familyguy/train/aligned/guyguest/guyguest-498.png
2,img/familyguy/train/aligned/guyguest/guyguest-116.png
2,img/familyguy/train/aligned/guyguest/guyguest-515.png
2,img/familyguy/train/aligned/guyguest/guyguest-164.png
2,img/familyguy/train/aligned/guyguest/guyguest-3.png
2,img/familyguy/train/aligned/guyguest/guyguest-591.png
2,img/familyguy/train/aligned/guyguest/guyguest-232.png
2,img/familyguy/train/aligned/guyguest/guyguest-502.png
2,img/familyguy/train/aligned/guyguest/guyguest-298.png
2,img/familyguy/train/aligned/guyguest/guyguest-496.png
2,img/familyguy/train/aligned/guyguest/guyguest-247.png
2,img/familyguy/train/aligned/guyguest/guyguest-532.png
2,img/familyguy/train/aligned/guyguest/guyguest-13.png
2,img/familyguy/train/aligned/guyguest/guyguest-557.png
2,img/familyguy/train/aligned/guyguest/guyguest-588.png
2,img/familyguy/train/aligned/guyguest/guyguest-97.png
2,img/familyguy/train/aligned/guyguest/guyguest-459.png
2,img/familyguy/train/aligned/guyguest/guyguest-171.png
2,img/familyguy/train/aligned/guyguest/guyguest-360.png
2,img/familyguy/train/aligned/guyguest/guyguest-128.png
2,img/familyguy/train/aligned/guyguest/guyguest-57.png
2,img/familyguy/train/aligned/guyguest/guyguest-17.png
2,img/familyguy/train/aligned/guyguest/guyguest-210.png
2,img/familyguy/train/aligned/guyguest/guyguest-177.png
2,img/familyguy/train/aligned/guyguest/guyguest-511.png
2,img/familyguy/train/aligned/guyguest/guyguest-46.png
2,img/familyguy/train/aligned/guyguest/guyguest-610.png
2,img/familyguy/train/aligned/guyguest/guyguest-446.png
2,img/familyguy/train/aligned/guyguest/guyguest-613.png
2,img/familyguy/train/aligned/guyguest/guyguest-420.png
2,img/familyguy/train/aligned/guyguest/guyguest-267.png
2,img/familyguy/train/aligned/guyguest/guyguest-85.png
2,img/familyguy/train/aligned/guyguest/guyguest-478.png
2,img/familyguy/train/aligned/guyguest/guyguest-96.png
2,img/familyguy/train/aligned/guyguest/guyguest-70.png
2,img/familyguy/train/aligned/guyguest/guyguest-119.png
2,img/familyguy/train/aligned/guyguest/guyguest-472.png
2,img/familyguy/train/aligned/guyguest/guyguest-77.png
2,img/familyguy/train/aligned/guyguest/guyguest-36.png
2,img/familyguy/train/aligned/guyguest/guyguest-607.png
2,img/familyguy/train/aligned/guyguest/guyguest-68.png
2,img/familyguy/train/aligned/guyguest/guyguest-25.png
2,img/familyguy/train/aligned/guyguest/guyguest-465.png
2,img/familyguy/train/aligned/guyguest/guyguest-443.png
2,img/familyguy/train/aligned/guyguest/guyguest-533.png
2,img/familyguy/train/aligned/guyguest/guyguest-158.png
2,img/familyguy/train/aligned/guyguest/guyguest-52.png
2,img/familyguy/train/aligned/guyguest/guyguest-260.png
2,img/familyguy/train/aligned/guyguest/guyguest-466.png
2,img/familyguy/train/aligned/guyguest/guyguest-80.png
2,img/familyguy/train/aligned/guyguest/guyguest-439.png
2,img/familyguy/train/aligned/guyguest/guyguest-529.png
2,img/familyguy/train/aligned/guyguest/guyguest-474.png
2,img/familyguy/train/aligned/guyguest/guyguest-320.png
2,img/familyguy/train/aligned/guyguest/guyguest-53.png
2,img/familyguy/train/aligned/guyguest/guyguest-309.png
2,img/familyguy/train/aligned/guyguest/guyguest-501.png
2,img/familyguy/train/aligned/guyguest/guyguest-554.png
2,img/familyguy/train/aligned/guyguest/guyguest-212.png
2,img/familyguy/train/aligned/guyguest/guyguest-82.png
2,img/familyguy/train/aligned/guyguest/guyguest-559.png
2,img/familyguy/train/aligned/guyguest/guyguest-434.png
2,img/familyguy/train/aligned/guyguest/guyguest-84.png
2,img/familyguy/train/aligned/guyguest/guyguest-201.png
2,img/familyguy/train/aligned/guyguest/guyguest-107.png
2,img/familyguy/train/aligned/guyguest/guyguest-249.png
2,img/familyguy/train/aligned/guyguest/guyguest-16.png
2,img/familyguy/train/aligned/guyguest/guyguest-150.png
2,img/familyguy/train/aligned/guyguest/guyguest-289.png
2,img/familyguy/train/aligned/guyguest/guyguest-111.png
2,img/familyguy/train/aligned/guyguest/guyguest-124.png
2,img/familyguy/train/aligned/guyguest/guyguest-42.png
2,img/familyguy/train/aligned/guyguest/guyguest-83.png
2,img/familyguy/train/aligned/guyguest/guyguest-148.png
2,img/familyguy/train/aligned/guyguest/guyguest-137.png
2,img/familyguy/train/aligned/guyguest/guyguest-381.png
2,img/familyguy/train/aligned/guyguest/guyguest-162.png
2,img/familyguy/train/aligned/guyguest/guyguest-126.png
2,img/familyguy/train/aligned/guyguest/guyguest-219.png
2,img/familyguy/train/aligned/guyguest/guyguest-569.png
2,img/familyguy/train/aligned/guyguest/guyguest-324.png
2,img/familyguy/train/aligned/guyguest/guyguest-395.png
2,img/familyguy/train/aligned/guyguest/guyguest-129.png
2,img/familyguy/train/aligned/guyguest/guyguest-338.png
2,img/familyguy/train/aligned/guyguest/guyguest-238.png
2,img/familyguy/train/aligned/guyguest/guyguest-631.png
2,img/familyguy/train/aligned/guyguest/guyguest-555.png
2,img/familyguy/train/aligned/guyguest/guyguest-581.png
2,img/familyguy/train/aligned/guyguest/guyguest-211.png
2,img/familyguy/train/aligned/guyguest/guyguest-582.png
2,img/familyguy/train/aligned/guyguest/guyguest-188.png
2,img/familyguy/train/aligned/guyguest/guyguest-303.png
2,img/familyguy/train/aligned/guyguest/guyguest-304.png
2,img/familyguy/train/aligned/guyguest/guyguest-120.png
2,img/familyguy/train/aligned/guyguest/guyguest-468.png
2,img/familyguy/train/aligned/guyguest/guyguest-483.png
2,img/familyguy/train/aligned/guyguest/guyguest-505.png
2,img/familyguy/train/aligned/guyguest/guyguest-493.png
2,img/familyguy/train/aligned/guyguest/guyguest-305.png
2,img/familyguy/train/aligned/guyguest/guyguest-149.png
2,img/familyguy/train/aligned/guyguest/guyguest-306.png
2,img/familyguy/train/aligned/guyguest/guyguest-44.png
2,img/familyguy/train/aligned/guyguest/guyguest-464.png
2,img/familyguy/train/aligned/guyguest/guyguest-254.png
2,img/familyguy/train/aligned/guyguest/guyguest-451.png
2,img/familyguy/train/aligned/guyguest/guyguest-576.png
2,img/familyguy/train/aligned/guyguest/guyguest-447.png
2,img/familyguy/train/aligned/guyguest/guyguest-263.png
2,img/familyguy/train/aligned/guyguest/guyguest-214.png
2,img/familyguy/train/aligned/guyguest/guyguest-342.png
2,img/familyguy/train/aligned/guyguest/guyguest-586.png
2,img/familyguy/train/aligned/guyguest/guyguest-377.png
2,img/familyguy/train/aligned/guyguest/guyguest-411.png
2,img/familyguy/train/aligned/guyguest/guyguest-312.png
2,img/familyguy/train/aligned/guyguest/guyguest-69.png
2,img/familyguy/train/aligned/guyguest/guyguest-322.png
2,img/familyguy/train/aligned/guyguest/guyguest-113.png
2,img/familyguy/train/aligned/guyguest/guyguest-10.png
2,img/familyguy/train/aligned/guyguest/guyguest-200.png
2,img/familyguy/train/aligned/guyguest/guyguest-535.png
2,img/familyguy/train/aligned/guyguest/guyguest-579.png
2,img/familyguy/train/aligned/guyguest/guyguest-48.png
2,img/familyguy/train/aligned/guyguest/guyguest-235.png
2,img/familyguy/train/aligned/guyguest/guyguest-179.png
2,img/familyguy/train/aligned/guyguest/guyguest-8.png
2,img/familyguy/train/aligned/guyguest/guyguest-489.png
2,img/familyguy/train/aligned/guyguest/guyguest-375.png
2,img/familyguy/train/aligned/guyguest/guyguest-118.png
2,img/familyguy/train/aligned/guyguest/guyguest-140.png
2,img/familyguy/train/aligned/guyguest/guyguest-488.png
2,img/familyguy/train/aligned/guyguest/guyguest-222.png
2,img/familyguy/train/aligned/guyguest/guyguest-15.png
2,img/familyguy/train/aligned/guyguest/guyguest-125.png
2,img/familyguy/train/aligned/guyguest/guyguest-165.png
2,img/familyguy/train/aligned/guyguest/guyguest-315.png
2,img/familyguy/train/aligned/guyguest/guyguest-353.png
2,img/familyguy/train/aligned/guyguest/guyguest-142.png
2,img/familyguy/train/aligned/guyguest/guyguest-277.png
2,img/familyguy/train/aligned/guyguest/guyguest-221.png
2,img/familyguy/train/aligned/guyguest/guyguest-620.png
2,img/familyguy/train/aligned/guyguest/guyguest-49.png
2,img/familyguy/train/aligned/guyguest/guyguest-23.png
2,img/familyguy/train/aligned/guyguest/guyguest-572.png
2,img/familyguy/train/aligned/guyguest/guyguest-437.png
2,img/familyguy/train/aligned/guyguest/guyguest-26.png
2,img/familyguy/train/aligned/guyguest/guyguest-448.png
2,img/familyguy/train/aligned/guyguest/guyguest-621.png
2,img/familyguy/train/aligned/guyguest/guyguest-20.png
2,img/familyguy/train/aligned/guyguest/guyguest-300.png
2,img/familyguy/train/aligned/guyguest/guyguest-611.png
2,img/familyguy/train/aligned/guyguest/guyguest-63.png
2,img/familyguy/train/aligned/guyguest/guyguest-335.png
2,img/familyguy/train/aligned/guyguest/guyguest-566.png
2,img/familyguy/train/aligned/guyguest/guyguest-246.png
2,img/familyguy/train/aligned/guyguest/guyguest-630.png
2,img/familyguy/train/aligned/guyguest/guyguest-12.png
2,img/familyguy/train/aligned/guyguest/guyguest-130.png
2,img/familyguy/train/aligned/guyguest/guyguest-204.png
2,img/familyguy/train/aligned/guyguest/guyguest-163.png
2,img/familyguy/train/aligned/guyguest/guyguest-632.png
2,img/familyguy/train/aligned/guyguest/guyguest-422.png
2,img/familyguy/train/aligned/guyguest/guyguest-258.png
2,img/familyguy/train/aligned/guyguest/guyguest-1.png
2,img/familyguy/train/aligned/guyguest/guyguest-480.png
2,img/familyguy/train/aligned/guyguest/guyguest-638.png
2,img/familyguy/train/aligned/guyguest/guyguest-642.png
2,img/familyguy/train/aligned/guyguest/guyguest-283.png
2,img/familyguy/train/aligned/guyguest/guyguest-74.png
2,img/familyguy/train/aligned/guyguest/guyguest-371.png
2,img/familyguy/train/aligned/guyguest/guyguest-220.png
2,img/familyguy/train/aligned/guyguest/guyguest-180.png
2,img/familyguy/train/aligned/guyguest/guyguest-355.png
2,img/familyguy/train/aligned/guyguest/guyguest-333.png
2,img/familyguy/train/aligned/guyguest/guyguest-432.png
2,img/familyguy/train/aligned/guyguest/guyguest-161.png
2,img/familyguy/train/aligned/guyguest/guyguest-351.png
2,img/familyguy/train/aligned/guyguest/guyguest-288.png
2,img/familyguy/train/aligned/guyguest/guyguest-61.png
2,img/familyguy/train/aligned/guyguest/guyguest-449.png
2,img/familyguy/train/aligned/guyguest/guyguest-389.png
2,img/familyguy/train/aligned/guyguest/guyguest-548.png
2,img/familyguy/train/aligned/guyguest/guyguest-393.png
2,img/familyguy/train/aligned/guyguest/guyguest-87.png
2,img/familyguy/train/aligned/guyguest/guyguest-271.png
2,img/familyguy/train/aligned/guyguest/guyguest-293.png
2,img/familyguy/train/aligned/guyguest/guyguest-321.png
2,img/familyguy/train/aligned/guyguest/guyguest-207.png
2,img/familyguy/train/aligned/guyguest/guyguest-243.png
2,img/familyguy/train/aligned/guyguest/guyguest-584.png
2,img/familyguy/train/aligned/guyguest/guyguest-92.png
2,img/familyguy/train/aligned/guyguest/guyguest-604.png
2,img/familyguy/train/aligned/guyguest/guyguest-525.png
2,img/familyguy/train/aligned/guyguest/guyguest-467.png
2,img/familyguy/train/aligned/guyguest/guyguest-45.png
2,img/familyguy/train/aligned/guyguest/guyguest-510.png
2,img/familyguy/train/aligned/guyguest/guyguest-102.png
2,img/familyguy/train/aligned/guyguest/guyguest-79.png
2,img/familyguy/train/aligned/guyguest/guyguest-313.png
2,img/familyguy/train/aligned/guyguest/guyguest-640.png
2,img/familyguy/train/aligned/guyguest/guyguest-50.png
2,img/familyguy/train/aligned/guyguest/guyguest-413.png
2,img/familyguy/train/aligned/guyguest/guyguest-460.png
2,img/familyguy/train/aligned/guyguest/guyguest-226.png
2,img/familyguy/train/aligned/guyguest/guyguest-385.png
2,img/familyguy/train/aligned/guyguest/guyguest-391.png
2,img/familyguy/train/aligned/guyguest/guyguest-405.png
2,img/familyguy/train/aligned/guyguest/guyguest-399.png
2,img/familyguy/train/aligned/guyguest/guyguest-516.png
2,img/familyguy/train/aligned/guyguest/guyguest-7.png
2,img/familyguy/train/aligned/guyguest/guyguest-521.png
2,img/familyguy/train/aligned/guyguest/guyguest-380.png
2,img/familyguy/train/aligned/guyguest/guyguest-145.png
2,img/familyguy/train/aligned/guyguest/guyguest-101.png
2,img/familyguy/train/aligned/guyguest/guyguest-178.png
2,img/familyguy/train/aligned/guyguest/guyguest-229.png
2,img/familyguy/train/aligned/guyguest/guyguest-482.png
2,img/familyguy/train/aligned/guyguest/guyguest-276.png
2,img/familyguy/train/aligned/guyguest/guyguest-193.png
2,img/familyguy/train/aligned/guyguest/guyguest-251.png
2,img/familyguy/train/aligned/guyguest/guyguest-55.png
2,img/familyguy/train/aligned/guyguest/guyguest-453.png
2,img/familyguy/train/aligned/guyguest/guyguest-192.png
2,img/familyguy/train/aligned/guyguest/guyguest-100.png
2,img/familyguy/train/aligned/guyguest/guyguest-383.png
2,img/familyguy/train/aligned/guyguest/guyguest-58.png
2,img/familyguy/train/aligned/guyguest/guyguest-167.png
2,img/familyguy/train/aligned/guyguest/guyguest-416.png
2,img/familyguy/train/aligned/guyguest/guyguest-325.png
2,img/familyguy/train/aligned/guyguest/guyguest-547.png
2,img/familyguy/train/aligned/guyguest/guyguest-641.png
2,img/familyguy/train/aligned/guyguest/guyguest-495.png
2,img/familyguy/train/aligned/guyguest/guyguest-323.png
2,img/familyguy/train/aligned/guyguest/guyguest-401.png
2,img/familyguy/train/aligned/guyguest/guyguest-514.png
2,img/familyguy/train/aligned/guyguest/guyguest-636.png
2,img/familyguy/train/aligned/guyguest/guyguest-625.png
2,img/familyguy/train/aligned/guyguest/guyguest-65.png
2,img/familyguy/train/aligned/guyguest/guyguest-565.png
2,img/familyguy/train/aligned/guyguest/guyguest-458.png
2,img/familyguy/train/aligned/guyguest/guyguest-209.png
2,img/familyguy/train/aligned/guyguest/guyguest-99.png
2,img/familyguy/train/aligned/guyguest/guyguest-570.png
2,img/familyguy/train/aligned/guyguest/guyguest-218.png
2,img/familyguy/train/aligned/guyguest/guyguest-403.png
2,img/familyguy/train/aligned/guyguest/guyguest-138.png
2,img/familyguy/train/aligned/guyguest/guyguest-56.png
2,img/familyguy/train/aligned/guyguest/guyguest-31.png
2,img/familyguy/train/aligned/guyguest/guyguest-397.png
2,img/familyguy/train/aligned/guyguest/guyguest-29.png
2,img/familyguy/train/aligned/guyguest/guyguest-173.png
2,img/familyguy/train/aligned/guyguest/guyguest-618.png
2,img/familyguy/train/aligned/guyguest/guyguest-81.png
2,img/familyguy/train/aligned/guyguest/guyguest-367.png
2,img/familyguy/train/aligned/guyguest/guyguest-519.png
2,img/familyguy/train/aligned/guyguest/guyguest-35.png
2,img/familyguy/train/aligned/guyguest/guyguest-234.png
2,img/familyguy/train/aligned/guyguest/guyguest-609.png
2,img/familyguy/train/aligned/guyguest/guyguest-587.png
2,img/familyguy/train/aligned/guyguest/guyguest-284.png
2,img/familyguy/train/aligned/guyguest/guyguest-184.png
2,img/familyguy/train/aligned/guyguest/guyguest-503.png
2,img/familyguy/train/aligned/guyguest/guyguest-203.png
2,img/familyguy/train/aligned/guyguest/guyguest-606.png
2,img/familyguy/train/aligned/guyguest/guyguest-392.png
2,img/familyguy/train/aligned/guyguest/guyguest-577.png
2,img/familyguy/train/aligned/guyguest/guyguest-438.png
2,img/familyguy/train/aligned/guyguest/guyguest-608.png
2,img/familyguy/train/aligned/guyguest/guyguest-122.png
2,img/familyguy/train/aligned/guyguest/guyguest-409.png
2,img/familyguy/train/aligned/guyguest/guyguest-141.png
2,img/familyguy/train/aligned/guyguest/guyguest-319.png
2,img/familyguy/train/aligned/guyguest/guyguest-248.png
2,img/familyguy/train/aligned/guyguest/guyguest-571.png
2,img/familyguy/train/aligned/guyguest/guyguest-419.png
2,img/familyguy/train/aligned/guyguest/guyguest-18.png
2,img/familyguy/train/aligned/guyguest/guyguest-86.png
2,img/familyguy/train/aligned/guyguest/guyguest-292.png
2,img/familyguy/train/aligned/guyguest/guyguest-336.png
2,img/familyguy/train/aligned/guyguest/guyguest-347.png
2,img/familyguy/train/aligned/guyguest/guyguest-146.png
2,img/familyguy/train/aligned/guyguest/guyguest-452.png
2,img/familyguy/train/aligned/guyguest/guyguest-208.png
2,img/familyguy/train/aligned/guyguest/guyguest-169.png
2,img/familyguy/train/aligned/guyguest/guyguest-40.png
2,img/familyguy/train/aligned/guyguest/guyguest-242.png
2,img/familyguy/train/aligned/guyguest/guyguest-352.png
2,img/familyguy/train/aligned/guyguest/guyguest-361.png
2,img/familyguy/train/aligned/guyguest/guyguest-24.png
2,img/familyguy/train/aligned/guyguest/guyguest-110.png
2,img/familyguy/train/aligned/guyguest/guyguest-370.png
2,img/familyguy/train/aligned/guyguest/guyguest-518.png
2,img/familyguy/train/aligned/guyguest/guyguest-103.png
2,img/familyguy/train/aligned/guyguest/guyguest-166.png
2,img/familyguy/train/aligned/guyguest/guyguest-272.png
2,img/familyguy/train/aligned/guyguest/guyguest-215.png
2,img/familyguy/train/aligned/guyguest/guyguest-224.png
2,img/familyguy/train/aligned/guyguest/guyguest-183.png
2,img/familyguy/train/aligned/guyguest/guyguest-366.png
2,img/familyguy/train/aligned/guyguest/guyguest-307.png
2,img/familyguy/train/aligned/guyguest/guyguest-637.png
2,img/familyguy/train/aligned/guyguest/guyguest-198.png
2,img/familyguy/train/aligned/guyguest/guyguest-143.png
2,img/familyguy/train/aligned/guyguest/guyguest-477.png
2,img/familyguy/train/aligned/guyguest/guyguest-231.png
2,img/familyguy/train/aligned/guyguest/guyguest-239.png
2,img/familyguy/train/aligned/guyguest/guyguest-500.png
2,img/familyguy/train/aligned/guyguest/guyguest-546.png
2,img/familyguy/train/aligned/guyguest/guyguest-27.png
2,img/familyguy/train/aligned/guyguest/guyguest-147.png
2,img/familyguy/train/aligned/guyguest/guyguest-255.png
2,img/familyguy/train/aligned/guyguest/guyguest-195.png
2,img/familyguy/train/aligned/guyguest/guyguest-544.png
2,img/familyguy/train/aligned/guyguest/guyguest-373.png
2,img/familyguy/train/aligned/guyguest/guyguest-39.png
2,img/familyguy/train/aligned/guyguest/guyguest-181.png
2,img/familyguy/train/aligned/guyguest/guyguest-492.png
2,img/familyguy/train/aligned/guyguest/guyguest-639.png
2,img/familyguy/train/aligned/guyguest/guyguest-134.png
2,img/familyguy/train/aligned/guyguest/guyguest-269.png
2,img/familyguy/train/aligned/guyguest/guyguest-387.png
2,img/familyguy/train/aligned/guyguest/guyguest-62.png
2,img/familyguy/train/aligned/guyguest/guyguest-331.png
2,img/familyguy/train/aligned/guyguest/guyguest-286.png
2,img/familyguy/train/aligned/guyguest/guyguest-244.png
2,img/familyguy/train/aligned/guyguest/guyguest-617.png
2,img/familyguy/train/aligned/guyguest/guyguest-433.png
2,img/familyguy/train/aligned/guyguest/guyguest-442.png
2,img/familyguy/train/aligned/guyguest/guyguest-479.png
2,img/familyguy/train/aligned/guyguest/guyguest-558.png
2,img/familyguy/train/aligned/guyguest/guyguest-340.png
2,img/familyguy/train/aligned/guyguest/guyguest-406.png
2,img/familyguy/train/aligned/guyguest/guyguest-445.png
2,img/familyguy/train/aligned/guyguest/guyguest-634.png
2,img/familyguy/train/aligned/guyguest/guyguest-78.png
2,img/familyguy/train/aligned/guyguest/guyguest-66.png
2,img/familyguy/train/aligned/guyguest/guyguest-490.png
2,img/familyguy/train/aligned/guyguest/guyguest-104.png
2,img/familyguy/train/aligned/guyguest/guyguest-365.png
2,img/familyguy/train/aligned/guyguest/guyguest-157.png
2,img/familyguy/train/aligned/guyguest/guyguest-538.png
2,img/familyguy/train/aligned/guyguest/guyguest-9.png
2,img/familyguy/train/aligned/guyguest/guyguest-108.png
2,img/familyguy/train/aligned/guyguest/guyguest-327.png
2,img/familyguy/train/aligned/guyguest/guyguest-154.png
2,img/familyguy/train/aligned/guyguest/guyguest-290.png
2,img/familyguy/train/aligned/guyguest/guyguest-73.png
2,img/familyguy/train/aligned/guyguest/guyguest-155.png
2,img/familyguy/train/aligned/guyguest/guyguest-343.png
2,img/familyguy/train/aligned/guyguest/guyguest-291.png
2,img/familyguy/train/aligned/guyguest/guyguest-507.png
2,img/familyguy/train/aligned/guyguest/guyguest-476.png
2,img/familyguy/train/aligned/guyguest/guyguest-187.png
2,img/familyguy/train/aligned/guyguest/guyguest-423.png
2,img/familyguy/train/aligned/guyguest/guyguest-297.png
2,img/familyguy/train/aligned/guyguest/guyguest-37.png
2,img/familyguy/train/aligned/guyguest/guyguest-396.png
2,img/familyguy/train/aligned/guyguest/guyguest-602.png
2,img/familyguy/train/aligned/guyguest/guyguest-341.png
2,img/familyguy/train/aligned/guyguest/guyguest-624.png
2,img/familyguy/train/aligned/guyguest/guyguest-349.png
2,img/familyguy/train/aligned/guyguest/guyguest-332.png
2,img/familyguy/train/aligned/guyguest/guyguest-455.png
2,img/familyguy/train/aligned/guyguest/guyguest-614.png
2,img/familyguy/train/aligned/guyguest/guyguest-402.png
2,img/familyguy/train/aligned/guyguest/guyguest-285.png
2,img/familyguy/train/aligned/guyguest/guyguest-196.png
2,img/familyguy/train/aligned/guyguest/guyguest-172.png
2,img/familyguy/train/aligned/guyguest/guyguest-359.png
2,img/familyguy/train/aligned/guyguest/guyguest-301.png
2,img/familyguy/train/aligned/guyguest/guyguest-560.png
2,img/familyguy/train/aligned/guyguest/guyguest-398.png
2,img/familyguy/train/aligned/guyguest/guyguest-168.png
2,img/familyguy/train/aligned/guyguest/guyguest-233.png
2,img/familyguy/train/aligned/guyguest/guyguest-22.png
2,img/familyguy/train/aligned/guyguest/guyguest-542.png
2,img/familyguy/train/aligned/guyguest/guyguest-250.png
2,img/familyguy/train/aligned/guyguest/guyguest-51.png
2,img/familyguy/train/aligned/guyguest/guyguest-461.png
2,img/familyguy/train/aligned/guyguest/guyguest-357.png
2,img/familyguy/train/aligned/guyguest/guyguest-89.png
2,img/familyguy/train/aligned/guyguest/guyguest-497.png
2,img/familyguy/train/aligned/guyguest/guyguest-427.png
2,img/familyguy/train/aligned/guyguest/guyguest-131.png
2,img/familyguy/train/aligned/guyguest/guyguest-509.png
2,img/familyguy/train/aligned/guyguest/guyguest-394.png
2,img/familyguy/train/aligned/guyguest/guyguest-531.png
2,img/familyguy/train/aligned/guyguest/guyguest-206.png
2,img/familyguy/train/aligned/guyguest/guyguest-491.png
2,img/familyguy/train/aligned/guyguest/guyguest-197.png
2,img/familyguy/train/aligned/guyguest/guyguest-595.png
2,img/familyguy/train/aligned/guyguest/guyguest-237.png
2,img/familyguy/train/aligned/guyguest/guyguest-368.png
2,img/familyguy/train/aligned/guyguest/guyguest-91.png
2,img/familyguy/train/aligned/guyguest/guyguest-520.png
2,img/familyguy/train/aligned/guyguest/guyguest-612.png
2,img/familyguy/train/aligned/guyguest/guyguest-71.png
2,img/familyguy/train/aligned/guyguest/guyguest-450.png
2,img/familyguy/train/aligned/guyguest/guyguest-294.png
2,img/familyguy/train/aligned/guyguest/guyguest-245.png
2,img/familyguy/train/aligned/guyguest/guyguest-400.png
2,img/familyguy/train/aligned/guyguest/guyguest-517.png
2,img/familyguy/train/aligned/guyguest/guyguest-43.png
2,img/familyguy/train/aligned/guyguest/guyguest-616.png
2,img/familyguy/train/aligned/guyguest/guyguest-153.png
2,img/familyguy/train/aligned/guyguest/guyguest-28.png
2,img/familyguy/train/aligned/guyguest/guyguest-599.png
2,img/familyguy/train/aligned/guyguest/guyguest-253.png
2,img/familyguy/train/aligned/guyguest/guyguest-6.png
2,img/familyguy/train/aligned/guyguest/guyguest-545.png
2,img/familyguy/train/aligned/guyguest/guyguest-605.png
2,img/familyguy/train/aligned/guyguest/guyguest-523.png
2,img/familyguy/train/aligned/guyguest/guyguest-280.png
2,img/familyguy/train/aligned/guyguest/guyguest-314.png
2,img/familyguy/train/aligned/guyguest/guyguest-429.png
2,img/familyguy/train/aligned/guyguest/guyguest-175.png
2,img/familyguy/train/aligned/guyguest/guyguest-98.png
2,img/familyguy/train/aligned/guyguest/guyguest-390.png
2,img/familyguy/train/aligned/guyguest/guyguest-135.png
2,img/familyguy/train/aligned/guyguest/guyguest-257.png
2,img/familyguy/train/aligned/guyguest/guyguest-274.png
2,img/familyguy/train/aligned/guyguest/guyguest-585.png
2,img/familyguy/train/aligned/guyguest/guyguest-123.png
2,img/familyguy/train/aligned/guyguest/guyguest-473.png
2,img/familyguy/train/aligned/guyguest/guyguest-345.png
2,img/familyguy/train/aligned/guyguest/guyguest-32.png
2,img/familyguy/train/aligned/guyguest/guyguest-19.png
2,img/familyguy/train/aligned/guyguest/guyguest-190.png
2,img/familyguy/train/aligned/guyguest/guyguest-76.png
2,img/familyguy/train/aligned/guyguest/guyguest-426.png
2,img/familyguy/train/aligned/guyguest/guyguest-462.png
2,img/familyguy/train/aligned/guyguest/guyguest-186.png
2,img/familyguy/train/aligned/guyguest/guyguest-170.png
2,img/familyguy/train/aligned/guyguest/guyguest-152.png
2,img/familyguy/train/aligned/guyguest/guyguest-573.png
2,img/familyguy/train/aligned/guyguest/guyguest-635.png
2,img/familyguy/train/aligned/guyguest/guyguest-410.png
2,img/familyguy/train/aligned/guyguest/guyguest-567.png
2,img/familyguy/train/aligned/guyguest/guyguest-151.png
2,img/familyguy/train/aligned/guyguest/guyguest-205.png
2,img/familyguy/train/aligned/guyguest/guyguest-550.png
2,img/familyguy/train/aligned/guyguest/guyguest-299.png
2,img/familyguy/train/aligned/guyguest/guyguest-388.png
2,img/familyguy/train/aligned/guyguest/guyguest-362.png
2,img/familyguy/train/aligned/guyguest/guyguest-337.png
2,img/familyguy/train/aligned/guyguest/guyguest-463.png
2,img/familyguy/train/aligned/guyguest/guyguest-47.png
2,img/familyguy/train/aligned/guyguest/guyguest-598.png
2,img/familyguy/train/aligned/guyguest/guyguest-583.png
2,img/familyguy/train/aligned/guyguest/guyguest-241.png
2,img/familyguy/train/aligned/guyguest/guyguest-54.png
2,img/familyguy/train/aligned/guyguest/guyguest-540.png
2,img/familyguy/train/aligned/guyguest/guyguest-456.png
2,img/familyguy/train/aligned/guyguest/guyguest-112.png
2,img/familyguy/train/aligned/guyguest/guyguest-471.png
2,img/familyguy/train/aligned/guyguest/guyguest-549.png
2,img/familyguy/train/aligned/guyguest/guyguest-106.png
2,img/familyguy/train/aligned/guyguest/guyguest-504.png
2,img/familyguy/train/aligned/guyguest/guyguest-382.png
2,img/familyguy/train/aligned/guyguest/guyguest-543.png
2,img/familyguy/train/aligned/guyguest/guyguest-487.png
2,img/familyguy/train/aligned/guyguest/guyguest-227.png
2,img/familyguy/train/aligned/guyguest/guyguest-334.png
2,img/familyguy/train/aligned/guyguest/guyguest-600.png
2,img/familyguy/train/aligned/guyguest/guyguest-619.png
2,img/familyguy/train/aligned/guyguest/guyguest-384.png
2,img/familyguy/train/aligned/guyguest/guyguest-72.png
2,img/familyguy/train/aligned/guyguest/guyguest-508.png
2,img/familyguy/train/aligned/guyguest/guyguest-115.png
2,img/familyguy/train/aligned/guyguest/guyguest-266.png
2,img/familyguy/train/aligned/guyguest/guyguest-379.png
2,img/familyguy/train/aligned/guyguest/guyguest-596.png
2,img/familyguy/train/aligned/guyguest/guyguest-623.png
2,img/familyguy/train/aligned/guyguest/guyguest-88.png
2,img/familyguy/train/aligned/guyguest/guyguest-256.png
2,img/familyguy/train/aligned/guyguest/guyguest-590.png
2,img/familyguy/train/aligned/guyguest/guyguest-318.png
2,img/familyguy/train/aligned/guyguest/guyguest-330.png
2,img/familyguy/train/aligned/guyguest/guyguest-60.png
2,img/familyguy/train/aligned/guyguest/guyguest-376.png
2,img/familyguy/train/aligned/guyguest/guyguest-372.png
2,img/familyguy/train/aligned/guyguest/guyguest-217.png
2,img/familyguy/train/aligned/guyguest/guyguest-568.png
3,img/familyguy/train/aligned/host/host-12.png
3,img/familyguy/train/aligned/host/host-90.png
3,img/familyguy/train/aligned/host/host-22.png
3,img/familyguy/train/aligned/host/host-85.png
3,img/familyguy/train/aligned/host/host-33.png
3,img/familyguy/train/aligned/host/host-58.png
3,img/familyguy/train/aligned/host/host-91.png
3,img/familyguy/train/aligned/host/host-98.png
3,img/familyguy/train/aligned/host/host-93.png
3,img/familyguy/train/aligned/host/host-4.png
3,img/familyguy/train/aligned/host/host-78.png
3,img/familyguy/train/aligned/host/host-105.png
3,img/familyguy/train/aligned/host/host-83.png
3,img/familyguy/train/aligned/host/host-104.png
3,img/familyguy/train/aligned/host/host-108.png
3,img/familyguy/train/aligned/host/host-8.png
3,img/familyguy/train/aligned/host/host-79.png
3,img/familyguy/train/aligned/host/host-3.png
3,img/familyguy/train/aligned/host/host-52.png
3,img/familyguy/train/aligned/host/host-15.png
3,img/familyguy/train/aligned/host/host-38.png
3,img/familyguy/train/aligned/host/host-54.png
3,img/familyguy/train/aligned/host/host-107.png
3,img/familyguy/train/aligned/host/host-87.png
3,img/familyguy/train/aligned/host/host-64.png
3,img/familyguy/train/aligned/host/host-73.png
3,img/familyguy/train/aligned/host/host-59.png
3,img/familyguy/train/aligned/host/host-20.png
3,img/familyguy/train/aligned/host/host-55.png
3,img/familyguy/train/aligned/host/host-101.png
3,img/familyguy/train/aligned/host/host-86.png
3,img/familyguy/train/aligned/host/host-63.png
3,img/familyguy/train/aligned/host/host-49.png
3,img/familyguy/train/aligned/host/host-103.png
3,img/familyguy/train/aligned/host/host-16.png
3,img/familyguy/train/aligned/host/host-11.png
3,img/familyguy/train/aligned/host/host-50.png
3,img/familyguy/train/aligned/host/host-70.png
3,img/familyguy/train/aligned/host/host-102.png
3,img/familyguy/train/aligned/host/host-18.png
3,img/familyguy/train/aligned/host/host-65.png
3,img/familyguy/train/aligned/host/host-97.png
3,img/familyguy/train/aligned/host/host-1.png
3,img/familyguy/train/aligned/host/host-75.png
3,img/familyguy/train/aligned/host/host-69.png
3,img/familyguy/train/aligned/host/host-31.png
3,img/familyguy/train/aligned/host/host-26.png
3,img/familyguy/train/aligned/host/host-37.png
3,img/familyguy/train/aligned/host/host-45.png
3,img/familyguy/train/aligned/host/host-80.png
3,img/familyguy/train/aligned/host/host-5.png
3,img/familyguy/train/aligned/host/host-66.png
3,img/familyguy/train/aligned/host/host-106.png
3,img/familyguy/train/aligned/host/host-10.png
3,img/familyguy/train/aligned/host/host-39.png
3,img/familyguy/train/aligned/host/host-28.png
3,img/familyguy/train/aligned/host/host-51.png
3,img/familyguy/train/aligned/host/host-46.png
3,img/familyguy/train/aligned/host/host-62.png
3,img/familyguy/train/aligned/host/host-43.png
3,img/familyguy/train/aligned/host/host-29.png
3,img/familyguy/train/aligned/host/host-34.png
3,img/familyguy/train/aligned/host/host-36.png
3,img/familyguy/train/aligned/host/host-56.png
3,img/familyguy/train/aligned/host/host-19.png
3,img/familyguy/train/aligned/host/host-60.png
3,img/familyguy/train/aligned/host/host-47.png
3,img/familyguy/train/aligned/host/host-68.png
3,img/familyguy/train/aligned/host/host-53.png
3,img/familyguy/train/aligned/host/host-96.png
3,img/familyguy/train/aligned/host/host-100.png
3,img/familyguy/train/aligned/host/host-27.png
3,img/familyguy/train/aligned/host/host-72.png
3,img/familyguy/train/aligned/host/host-57.png
3,img/familyguy/train/aligned/host/host-42.png
3,img/familyguy/train/aligned/host/host-76.png
3,img/familyguy/train/aligned/host/host-94.png
3,img/familyguy/train/aligned/host/host-82.png
3,img/familyguy/train/aligned/host/host-32.png
3,img/familyguy/train/aligned/host/host-99.png
3,img/familyguy/train/aligned/host/host-9.png
3,img/familyguy/train/aligned/host/host-89.png
3,img/familyguy/train/aligned/host/host-81.png
3,img/familyguy/train/aligned/host/host-30.png
3,img/familyguy/train/aligned/host/host-41.png
3,img/familyguy/train/aligned/host/host-17.png
3,img/familyguy/train/aligned/host/host-74.png
3,img/familyguy/train/aligned/host/host-6.png
3,img/familyguy/train/aligned/host/host-23.png
3,img/familyguy/train/aligned/host/host-95.png
3,img/familyguy/train/aligned/host/host-61.png
3,img/familyguy/train/aligned/host/host-84.png
3,img/familyguy/train/aligned/host/host-71.png
3,img/familyguy/train/aligned/host/host-77.png
3,img/familyguy/train/aligned/host/host-67.png
3,img/familyguy/train/aligned/host/host-25.png
3,img/familyguy/train/aligned/host/host-7.png
3,img/familyguy/train/aligned/host/host-44.png
3,img/familyguy/train/aligned/host/host-21.png
3,img/familyguy/train/aligned/host/host-40.png
3,img/familyguy/train/aligned/host/host-24.png
3,img/familyguy/train/aligned/host/host-35.png
3,img/familyguy/train/aligned/host/host-48.png
3,img/familyguy/train/aligned/host/host-92.png
3,img/familyguy/train/aligned/host/host-14.png
3,img/familyguy/train/aligned/host/host-88.png
3,img/familyguy/train/aligned/host/host-13.png
3,img/familyguy/train/aligned/host/host-2.png
